domain,problem,heuristics,strategy,solved,time,timeout,plan_length,expansions,memory_kb
blocks,task01,"hff,hadd",pareto,True,0.2665286064147949,False,10,11,
blocks,task02,"hff,hadd",pareto,False,0.2955160140991211,False,,,
blocks,task03,"hff,hadd",pareto,False,0.332660436630249,False,,,
blocks,task04,"hff,hadd",pareto,False,0.6112215518951416,False,,,
blocks,task05,"hff,hadd",pareto,True,0.5398218631744385,False,14,15,
blocks,task06,"hff,hadd",pareto,False,0.3750321865081787,False,,,
blocks,task07,"hff,hadd",pareto,False,0.25453972816467285,False,,,
blocks,task08,"hff,hadd",pareto,False,1.0800395011901855,False,,,
blocks,task09,"hff,hadd",pareto,True,0.2579972743988037,False,28,29,
blocks,task10,"hff,hadd",pareto,True,0.27026844024658203,False,22,23,
blocks,task11,"hff,hadd",pareto,False,0.2855961322784424,False,,,
blocks,task12,"hff,hadd",pareto,True,0.2625434398651123,False,50,52,
blocks,task13,"hff,hadd",pareto,True,0.28816771507263184,False,46,47,
blocks,task14,"hff,hadd",pareto,True,0.26035547256469727,False,48,52,
blocks,task15,"hff,hadd",pareto,True,0.8615207672119141,False,126,127,
blocks,task16,"hff,hadd",pareto,True,0.755094051361084,False,78,89,
blocks,task17,"hff,hadd",pareto,True,0.6650347709655762,False,112,113,
blocks,task18,"hff,hadd",pareto,False,0.4350872039794922,False,,,
blocks,task19,"hff,hadd",pareto,True,0.4887654781341553,False,96,97,
blocks,task20,"hff,hadd",pareto,False,0.44951462745666504,False,,,
blocks,task21,"hff,hadd",pareto,True,0.5811219215393066,False,124,126,
blocks,task22,"hff,hadd",pareto,True,0.8542337417602539,False,118,124,
blocks,task23,"hff,hadd",pareto,True,1.2197010517120361,False,180,190,
blocks,task24,"hff,hadd",pareto,True,0.5380144119262695,False,82,84,
blocks,task25,"hff,hadd",pareto,True,3.2211780548095703,False,350,351,
blocks,task26,"hff,hadd",pareto,True,1.0596747398376465,False,124,125,
blocks,task27,"hff,hadd",pareto,True,1.5922856330871582,False,154,155,
blocks,task28,"hff,hadd",pareto,True,3.130289316177368,False,340,342,
blocks,task29,"hff,hadd",pareto,True,2.6001274585723877,False,240,242,
blocks,task30,"hff,hadd",pareto,True,2.254664897918701,False,190,193,
blocks,task31,"hff,hadd",pareto,True,5.3874993324279785,False,348,362,
blocks,task32,"hff,hadd",pareto,True,12.23776626586914,False,682,689,
blocks,task33,"hff,hadd",pareto,True,9.07883596420288,False,552,559,
blocks,task34,"hff,hadd",pareto,True,6.232896327972412,False,476,482,
blocks,task35,"hff,hadd",pareto,True,17.12733483314514,False,1030,1104,
blocks,task01,"hmax,lmcut",pareto,True,0.18471193313598633,False,6,10,
blocks,task02,"hmax,lmcut",pareto,True,0.18184828758239746,False,10,11,
blocks,task03,"hmax,lmcut",pareto,True,0.1649949550628662,False,6,9,
blocks,task04,"hmax,lmcut",pareto,True,0.17814350128173828,False,12,13,
blocks,task05,"hmax,lmcut",pareto,True,0.1950678825378418,False,10,13,
blocks,task06,"hmax,lmcut",pareto,True,0.33898329734802246,False,18,34,
blocks,task07,"hmax,lmcut",pareto,True,0.3929862976074219,False,32,58,
blocks,task08,"hmax,lmcut",pareto,True,0.22505998611450195,False,10,14,
blocks,task09,"hmax,lmcut",pareto,True,0.4329254627227783,False,46,78,
blocks,task10,"hmax,lmcut",pareto,True,0.7054033279418945,False,44,103,
blocks,task11,"hmax,lmcut",pareto,True,0.8678555488586426,False,62,113,
blocks,task12,"hmax,lmcut",pareto,True,0.6723935604095459,False,58,98,
blocks,task13,"hmax,lmcut",pareto,False,2.45917010307312,False,,,
blocks,task14,"hmax,lmcut",pareto,True,1.4846069812774658,False,66,134,
blocks,task15,"hmax,lmcut",pareto,True,0.367201566696167,False,18,26,
blocks,task16,"hmax,lmcut",pareto,True,2.9776203632354736,False,96,190,
blocks,task17,"hmax,lmcut",pareto,True,2.1060478687286377,False,54,106,
blocks,task18,"hmax,lmcut",pareto,True,1.2265551090240479,False,36,71,
blocks,task19,"hmax,lmcut",pareto,True,9.622468709945679,False,138,386,
blocks,task20,"hmax,lmcut",pareto,True,3.5471384525299072,False,102,205,
blocks,task21,"hmax,lmcut",pareto,True,3.8926007747650146,False,92,163,
blocks,task22,"hmax,lmcut",pareto,True,16.314143180847168,False,242,636,
blocks,task23,"hmax,lmcut",pareto,True,7.4296324253082275,False,116,266,
blocks,task24,"hmax,lmcut",pareto,True,4.96224045753479,False,114,238,
blocks,task25,"hmax,lmcut",pareto,True,7.572761297225952,False,106,242,
blocks,task26,"hmax,lmcut",pareto,True,2.232116460800171,False,56,83,
blocks,task27,"hmax,lmcut",pareto,True,54.08178639411926,False,328,1142,
blocks,task28,"hmax,lmcut",pareto,True,45.837838888168335,False,292,963,
blocks,task29,"hmax,lmcut",pareto,True,8.448739051818848,False,122,246,
blocks,task30,"hmax,lmcut",pareto,False,37.207836866378784,False,,,
blocks,task31,"hmax,lmcut",pareto,True,93.1144962310791,False,420,1045,
blocks,task32,"hmax,lmcut",pareto,True,100.50880265235901,False,462,1497,
blocks,task33,"hmax,lmcut",pareto,True,241.7298743724823,False,928,2925,
blocks,task34,"hmax,lmcut",pareto,True,22.08513641357422,False,124,264,
blocks,task35,"hmax,lmcut",pareto,False,300,True,,,
blocks,task01,"hff,landmark",pareto,True,0.17560648918151855,False,6,7,
blocks,task02,"hff,landmark",pareto,False,0.15889668464660645,False,,,
blocks,task03,"hff,landmark",pareto,True,0.17581534385681152,False,6,7,
blocks,task04,"hff,landmark",pareto,False,0.17849230766296387,False,,,
blocks,task05,"hff,landmark",pareto,False,0.18303942680358887,False,,,
blocks,task06,"hff,landmark",pareto,False,0.18035340309143066,False,,,
blocks,task07,"hff,landmark",pareto,False,0.21091890335083008,False,,,
blocks,task08,"hff,landmark",pareto,False,0.19531774520874023,False,,,
blocks,task09,"hff,landmark",pareto,False,0.21543192863464355,False,,,
blocks,task10,"hff,landmark",pareto,False,0.30673909187316895,False,,,
blocks,task11,"hff,landmark",pareto,False,0.18988823890686035,False,,,
blocks,task12,"hff,landmark",pareto,False,0.2699294090270996,False,,,
blocks,task13,"hff,landmark",pareto,False,0.3181753158569336,False,,,
blocks,task14,"hff,landmark",pareto,False,0.31235623359680176,False,,,
blocks,task15,"hff,landmark",pareto,False,0.38038063049316406,False,,,
blocks,task16,"hff,landmark",pareto,False,0.3438594341278076,False,,,
blocks,task17,"hff,landmark",pareto,False,0.42398905754089355,False,,,
blocks,task18,"hff,landmark",pareto,False,0.34862518310546875,False,,,
blocks,task19,"hff,landmark",pareto,False,0.3740408420562744,False,,,
blocks,task20,"hff,landmark",pareto,False,0.36559629440307617,False,,,
blocks,task21,"hff,landmark",pareto,False,0.46568942070007324,False,,,
blocks,task22,"hff,landmark",pareto,False,0.3990652561187744,False,,,
blocks,task23,"hff,landmark",pareto,False,0.427126407623291,False,,,
blocks,task24,"hff,landmark",pareto,False,0.36791443824768066,False,,,
blocks,task25,"hff,landmark",pareto,False,0.6793251037597656,False,,,
blocks,task26,"hff,landmark",pareto,False,1.9566502571105957,False,,,
blocks,task27,"hff,landmark",pareto,False,0.7304096221923828,False,,,
blocks,task28,"hff,landmark",pareto,False,1.1423323154449463,False,,,
blocks,task29,"hff,landmark",pareto,False,1.7982192039489746,False,,,
blocks,task30,"hff,landmark",pareto,False,1.3022160530090332,False,,,
blocks,task31,"hff,landmark",pareto,False,2.6708595752716064,False,,,
blocks,task32,"hff,landmark",pareto,False,1.138425588607788,False,,,
blocks,task33,"hff,landmark",pareto,False,6.5231382846832275,False,,,
blocks,task34,"hff,landmark",pareto,False,4.824826002120972,False,,,
blocks,task35,"hff,landmark",pareto,False,7.190174341201782,False,,,
blocks,task01,"landmark,lmcut",pareto,True,0.18590950965881348,False,10,11,
blocks,task02,"landmark,lmcut",pareto,False,0.18565082550048828,False,,,
blocks,task03,"landmark,lmcut",pareto,False,0.18037080764770508,False,,,
blocks,task04,"landmark,lmcut",pareto,False,0.18976354598999023,False,,,
blocks,task05,"landmark,lmcut",pareto,False,0.18790745735168457,False,,,
blocks,task06,"landmark,lmcut",pareto,False,0.2393033504486084,False,,,
blocks,task07,"landmark,lmcut",pareto,False,0.2720050811767578,False,,,
blocks,task08,"landmark,lmcut",pareto,True,0.2187047004699707,False,14,15,
blocks,task09,"landmark,lmcut",pareto,False,0.2329730987548828,False,,,
blocks,task10,"landmark,lmcut",pareto,False,0.2722334861755371,False,,,
blocks,task11,"landmark,lmcut",pareto,False,0.21298694610595703,False,,,
blocks,task12,"landmark,lmcut",pareto,False,0.19021272659301758,False,,,
blocks,task13,"landmark,lmcut",pareto,True,0.606515645980835,False,48,58,
blocks,task14,"landmark,lmcut",pareto,False,0.3629317283630371,False,,,
blocks,task15,"landmark,lmcut",pareto,True,0.6244702339172363,False,52,65,
blocks,task16,"landmark,lmcut",pareto,False,0.7035415172576904,False,,,
blocks,task17,"landmark,lmcut",pareto,False,0.7776765823364258,False,,,
blocks,task18,"landmark,lmcut",pareto,True,0.6817226409912109,False,44,49,
blocks,task19,"landmark,lmcut",pareto,False,6.766416072845459,False,,,
blocks,task20,"landmark,lmcut",pareto,False,1.2529573440551758,False,,,
blocks,task21,"landmark,lmcut",pareto,False,3.8566722869873047,False,,,
blocks,task22,"landmark,lmcut",pareto,False,2.7566208839416504,False,,,
blocks,task23,"landmark,lmcut",pareto,False,1.2042689323425293,False,,,
blocks,task24,"landmark,lmcut",pareto,False,0.5859179496765137,False,,,
blocks,task25,"landmark,lmcut",pareto,False,21.646337509155273,False,,,
blocks,task26,"landmark,lmcut",pareto,False,2.5792670249938965,False,,,
blocks,task27,"landmark,lmcut",pareto,False,6.3117547035217285,False,,,
blocks,task28,"landmark,lmcut",pareto,False,17.97880744934082,False,,,
blocks,task29,"landmark,lmcut",pareto,False,17.391353368759155,False,,,
blocks,task30,"landmark,lmcut",pareto,False,7.5922346115112305,False,,,
blocks,task31,"landmark,lmcut",pareto,False,55.34730052947998,False,,,
blocks,task32,"landmark,lmcut",pareto,False,8.497680187225342,False,,,
blocks,task33,"landmark,lmcut",pareto,False,176.77934551239014,False,,,
blocks,task34,"landmark,lmcut",pareto,False,30.30283236503601,False,,,
blocks,task35,"landmark,lmcut",pareto,False,138.1474735736847,False,,,
logistics,task01,"hff,hadd",pareto,True,0.21510076522827148,False,20,21,
logistics,task02,"hff,hadd",pareto,True,0.19185614585876465,False,19,20,
logistics,task03,"hff,hadd",pareto,True,0.18357276916503906,False,15,16,
logistics,task04,"hff,hadd",pareto,True,0.23818445205688477,False,30,32,
logistics,task05,"hff,hadd",pareto,True,0.2085726261138916,False,17,18,
logistics,task06,"hff,hadd",pareto,True,0.19556212425231934,False,8,9,
logistics,task07,"hff,hadd",pareto,True,0.24716806411743164,False,29,31,
logistics,task08,"hff,hadd",pareto,True,0.19565391540527344,False,14,15,
logistics,task09,"hff,hadd",pareto,True,0.23623943328857422,False,25,26,
logistics,task10,"hff,hadd",pareto,True,0.2264719009399414,False,24,25,
logistics,task11,"hff,hadd",pareto,True,0.39293694496154785,False,38,41,
logistics,task12,"hff,hadd",pareto,True,0.4400465488433838,False,46,47,
logistics,task13,"hff,hadd",pareto,True,0.3765604496002197,False,32,33,
logistics,task14,"hff,hadd",pareto,True,0.4831423759460449,False,51,52,
logistics,task15,"hff,hadd",pareto,True,0.4493544101715088,False,41,45,
logistics,task16,"hff,hadd",pareto,True,0.37387514114379883,False,33,37,
logistics,task17,"hff,hadd",pareto,True,0.88511061668396,False,51,56,
logistics,task18,"hff,hadd",pareto,True,0.8125529289245605,False,46,47,
logistics,task19,"hff,hadd",pareto,True,1.3568580150604248,False,59,82,
logistics,task20,"hff,hadd",pareto,True,1.7902967929840088,False,71,98,
logistics,task21,"hff,hadd",pareto,False,1.3428494930267334,False,,,
logistics,task22,"hff,hadd",pareto,True,2.8226568698883057,False,80,87,
logistics,task23,"hff,hadd",pareto,True,4.071741819381714,False,83,86,
logistics,task24,"hff,hadd",pareto,True,3.235203742980957,False,64,65,
logistics,task25,"hff,hadd",pareto,True,3.7029762268066406,False,69,76,
logistics,task26,"hff,hadd",pareto,True,4.940161228179932,False,82,92,
logistics,task27,"hff,hadd",pareto,True,5.985973358154297,False,93,111,
logistics,task28,"hff,hadd",pareto,True,4.577403783798218,False,73,75,
logistics,task01,"hmax,lmcut",pareto,True,0.3075551986694336,False,20,21,
logistics,task02,"hmax,lmcut",pareto,True,0.31171441078186035,False,23,24,
logistics,task03,"hmax,lmcut",pareto,True,0.23136258125305176,False,15,16,
logistics,task04,"hmax,lmcut",pareto,True,0.48046422004699707,False,27,28,
logistics,task05,"hmax,lmcut",pareto,True,0.30435752868652344,False,19,20,
logistics,task06,"hmax,lmcut",pareto,True,0.19744491577148438,False,8,9,
logistics,task07,"hmax,lmcut",pareto,True,0.525902271270752,False,27,29,
logistics,task08,"hmax,lmcut",pareto,True,0.2740023136138916,False,14,15,
logistics,task09,"hmax,lmcut",pareto,True,0.5072371959686279,False,29,30,
logistics,task10,"hmax,lmcut",pareto,True,0.45381975173950195,False,25,26,
logistics,task11,"hmax,lmcut",pareto,True,2.247756242752075,False,41,44,
logistics,task12,"hmax,lmcut",pareto,True,2.5496439933776855,False,45,46,
logistics,task13,"hmax,lmcut",pareto,True,1.7712445259094238,False,32,33,
logistics,task14,"hmax,lmcut",pareto,True,3.4982123374938965,False,47,48,
logistics,task15,"hmax,lmcut",pareto,True,2.7189297676086426,False,36,37,
logistics,task16,"hmax,lmcut",pareto,True,1.9372286796569824,False,32,33,
logistics,task17,"hmax,lmcut",pareto,True,7.800635099411011,False,50,51,
logistics,task18,"hmax,lmcut",pareto,True,6.854529142379761,False,48,49,
logistics,task19,"hmax,lmcut",pareto,True,10.82637882232666,False,51,52,
logistics,task20,"hmax,lmcut",pareto,True,16.081439971923828,False,61,63,
logistics,task21,"hmax,lmcut",pareto,True,8.962943077087402,False,44,46,
logistics,task22,"hmax,lmcut",pareto,True,22.533915042877197,False,74,77,
logistics,task23,"hmax,lmcut",pareto,True,77.13107967376709,False,82,88,
logistics,task24,"hmax,lmcut",pareto,True,50.176809787750244,False,66,68,
logistics,task25,"hmax,lmcut",pareto,True,48.28650116920471,False,65,69,
logistics,task26,"hmax,lmcut",pareto,True,79.7846040725708,False,83,87,
logistics,task27,"hmax,lmcut",pareto,True,120.49760675430298,False,93,113,
logistics,task28,"hmax,lmcut",pareto,True,80.65672612190247,False,78,88,
logistics,task01,"hff,landmark",pareto,True,0.19853472709655762,False,20,21,
logistics,task02,"hff,landmark",pareto,True,0.20379400253295898,False,19,20,
logistics,task03,"hff,landmark",pareto,True,0.20277786254882812,False,15,16,
logistics,task04,"hff,landmark",pareto,True,0.22539258003234863,False,27,28,
logistics,task05,"hff,landmark",pareto,True,0.21670269966125488,False,17,18,
logistics,task06,"hff,landmark",pareto,True,0.1880040168762207,False,8,9,
logistics,task07,"hff,landmark",pareto,True,0.21549034118652344,False,25,26,
logistics,task08,"hff,landmark",pareto,True,0.19498777389526367,False,14,15,
logistics,task09,"hff,landmark",pareto,True,0.30298757553100586,False,25,26,
logistics,task10,"hff,landmark",pareto,True,0.20512747764587402,False,24,25,
logistics,task11,"hff,landmark",pareto,True,0.36760663986206055,False,40,43,
logistics,task12,"hff,landmark",pareto,True,0.38259196281433105,False,44,45,
logistics,task13,"hff,landmark",pareto,True,0.3579704761505127,False,31,32,
logistics,task14,"hff,landmark",pareto,True,0.4211301803588867,False,45,46,
logistics,task15,"hff,landmark",pareto,True,0.40647077560424805,False,36,37,
logistics,task16,"hff,landmark",pareto,True,0.3772919178009033,False,30,31,
logistics,task17,"hff,landmark",pareto,True,0.8148963451385498,False,47,48,
logistics,task18,"hff,landmark",pareto,True,0.7252404689788818,False,42,43,
logistics,task19,"hff,landmark",pareto,True,0.9021198749542236,False,49,50,
logistics,task20,"hff,landmark",pareto,True,1.128948450088501,False,68,72,
logistics,task21,"hff,landmark",pareto,True,1.015862226486206,False,44,45,
logistics,task22,"hff,landmark",pareto,True,1.2700283527374268,False,69,70,
logistics,task23,"hff,landmark",pareto,True,7.800426959991455,False,92,262,
logistics,task24,"hff,landmark",pareto,False,2.8559529781341553,False,,,
logistics,task25,"hff,landmark",pareto,True,3.053924560546875,False,62,66,
logistics,task26,"hff,landmark",pareto,True,3.767597198486328,False,82,86,
logistics,task27,"hff,landmark",pareto,True,5.794196128845215,False,96,156,
logistics,task28,"hff,landmark",pareto,False,14.725568294525146,False,,,
logistics,task01,"landmark,lmcut",pareto,True,0.3056182861328125,False,20,21,
logistics,task02,"landmark,lmcut",pareto,True,0.3006904125213623,False,19,20,
logistics,task03,"landmark,lmcut",pareto,True,0.24781060218811035,False,15,16,
logistics,task04,"landmark,lmcut",pareto,True,0.5006914138793945,False,27,28,
logistics,task05,"landmark,lmcut",pareto,True,0.2913820743560791,False,17,18,
logistics,task06,"landmark,lmcut",pareto,True,0.21538138389587402,False,8,9,
logistics,task07,"landmark,lmcut",pareto,True,0.5043880939483643,False,25,26,
logistics,task08,"landmark,lmcut",pareto,True,0.28843259811401367,False,14,15,
logistics,task09,"landmark,lmcut",pareto,True,0.5212302207946777,False,25,26,
logistics,task10,"landmark,lmcut",pareto,True,0.5243680477142334,False,24,25,
logistics,task11,"landmark,lmcut",pareto,True,2.294093370437622,False,42,50,
logistics,task12,"landmark,lmcut",pareto,True,2.877298355102539,False,50,51,
logistics,task13,"landmark,lmcut",pareto,True,1.9066534042358398,False,31,32,
logistics,task14,"landmark,lmcut",pareto,True,3.6444106101989746,False,44,45,
logistics,task15,"landmark,lmcut",pareto,True,3.0058422088623047,False,39,43,
logistics,task16,"landmark,lmcut",pareto,True,1.9502208232879639,False,31,32,
logistics,task17,"landmark,lmcut",pareto,True,8.868189811706543,False,50,53,
logistics,task18,"landmark,lmcut",pareto,True,7.681411981582642,False,44,45,
logistics,task19,"landmark,lmcut",pareto,True,10.492753982543945,False,49,50,
logistics,task20,"landmark,lmcut",pareto,True,16.399965286254883,False,62,64,
logistics,task21,"landmark,lmcut",pareto,True,9.12444806098938,False,44,45,
logistics,task22,"landmark,lmcut",pareto,True,24.997856378555298,False,72,76,
logistics,task23,"landmark,lmcut",pareto,True,82.25863075256348,False,87,107,
logistics,task24,"landmark,lmcut",pareto,True,45.275763750076294,False,64,65,
logistics,task25,"landmark,lmcut",pareto,True,49.484781980514526,False,66,86,
logistics,task26,"landmark,lmcut",pareto,True,68.72162365913391,False,71,72,
logistics,task27,"landmark,lmcut",pareto,True,100.13047385215759,False,92,102,
logistics,task28,"landmark,lmcut",pareto,True,86.98696184158325,False,74,101,
zenotravel,task01,"hff,hadd",pareto,True,0.2091834545135498,False,1,2,
zenotravel,task02,"hff,hadd",pareto,True,0.22057533264160156,False,6,7,
zenotravel,task03,"hff,hadd",pareto,True,0.27001404762268066,False,6,7,
zenotravel,task04,"hff,hadd",pareto,True,0.23225975036621094,False,8,9,
zenotravel,task05,"hff,hadd",pareto,True,0.41254734992980957,False,20,23,
zenotravel,task06,"hff,hadd",pareto,True,0.41791272163391113,False,13,14,
zenotravel,task07,"hff,hadd",pareto,True,0.40125441551208496,False,17,21,
zenotravel,task08,"hff,hadd",pareto,True,1.6848442554473877,False,22,36,
zenotravel,task09,"hff,hadd",pareto,True,1.317194938659668,False,24,30,
zenotravel,task10,"hff,hadd",pareto,True,1.4068515300750732,False,28,31,
zenotravel,task11,"hff,hadd",pareto,True,4.046692848205566,False,21,45,
zenotravel,task12,"hff,hadd",pareto,True,2.3788135051727295,False,26,32,
zenotravel,task13,"hff,hadd",pareto,True,6.444610118865967,False,37,87,
zenotravel,task14,"hff,hadd",pareto,True,69.93125057220459,False,43,74,
zenotravel,task15,"hff,hadd",pareto,True,70.38737964630127,False,52,85,
zenotravel,task16,"hff,hadd",pareto,True,204.8496744632721,False,62,101,
zenotravel,task17,"hff,hadd",pareto,False,300,True,,,
zenotravel,task18,"hff,hadd",pareto,False,300,True,,,
zenotravel,task19,"hff,hadd",pareto,False,300,True,,,
zenotravel,task20,"hff,hadd",pareto,False,300,True,,,
zenotravel,task01,"hmax,lmcut",pareto,True,0.1838982105255127,False,1,2,
zenotravel,task02,"hmax,lmcut",pareto,True,0.21428632736206055,False,6,7,
zenotravel,task03,"hmax,lmcut",pareto,True,0.3532884120941162,False,6,7,
zenotravel,task04,"hmax,lmcut",pareto,True,0.527275562286377,False,14,18,
zenotravel,task05,"hmax,lmcut",pareto,True,0.8513693809509277,False,14,18,
zenotravel,task06,"hmax,lmcut",pareto,True,0.9589426517486572,False,12,14,
zenotravel,task07,"hmax,lmcut",pareto,True,1.4247734546661377,False,16,21,
zenotravel,task08,"hmax,lmcut",pareto,True,3.658698081970215,False,18,21,
zenotravel,task09,"hmax,lmcut",pareto,True,6.531952142715454,False,28,33,
zenotravel,task10,"hmax,lmcut",pareto,True,16.548325538635254,False,34,49,
zenotravel,task11,"hmax,lmcut",pareto,True,14.138588190078735,False,20,35,
zenotravel,task12,"hmax,lmcut",pareto,True,12.279393434524536,False,23,24,
zenotravel,task13,"hmax,lmcut",pareto,True,27.042815685272217,False,36,49,
zenotravel,task14,"hmax,lmcut",pareto,False,300,True,,,
zenotravel,task15,"hmax,lmcut",pareto,False,300,True,,,
zenotravel,task16,"hmax,lmcut",pareto,False,300,True,,,
zenotravel,task17,"hmax,lmcut",pareto,False,300,True,,,
zenotravel,task18,"hmax,lmcut",pareto,False,300,True,,,
zenotravel,task19,"hmax,lmcut",pareto,False,300,True,,,
zenotravel,task20,"hmax,lmcut",pareto,False,300,True,,,
zenotravel,task01,"hff,landmark",pareto,True,0.190568208694458,False,1,2,
zenotravel,task02,"hff,landmark",pareto,True,0.1743783950805664,False,6,7,
zenotravel,task03,"hff,landmark",pareto,True,0.23848962783813477,False,7,9,
zenotravel,task04,"hff,landmark",pareto,False,0.5683028697967529,False,,,
zenotravel,task05,"hff,landmark",pareto,True,0.2800929546356201,False,12,13,
zenotravel,task06,"hff,landmark",pareto,True,0.39568233489990234,False,15,17,
zenotravel,task07,"hff,landmark",pareto,False,1.110652208328247,False,,,
zenotravel,task08,"hff,landmark",pareto,True,0.8975014686584473,False,20,26,
zenotravel,task09,"hff,landmark",pareto,True,0.8816616535186768,False,29,37,
zenotravel,task10,"hff,landmark",pareto,True,1.3160161972045898,False,36,53,
zenotravel,task11,"hff,landmark",pareto,True,1.341784954071045,False,17,23,
zenotravel,task12,"hff,landmark",pareto,True,2.466054677963257,False,26,44,
zenotravel,task13,"hff,landmark",pareto,False,89.32355332374573,False,,,
zenotravel,task14,"hff,landmark",pareto,True,35.823243856430054,False,39,56,
zenotravel,task15,"hff,landmark",pareto,True,82.9174292087555,False,58,195,
zenotravel,task16,"hff,landmark",pareto,False,300,True,,,
zenotravel,task17,"hff,landmark",pareto,False,300,True,,,
zenotravel,task18,"hff,landmark",pareto,False,300,True,,,
zenotravel,task19,"hff,landmark",pareto,False,300,True,,,
zenotravel,task20,"hff,landmark",pareto,False,300,True,,,
zenotravel,task01,"landmark,lmcut",pareto,True,0.209855318069458,False,1,2,
zenotravel,task02,"landmark,lmcut",pareto,True,0.21113801002502441,False,6,7,
zenotravel,task03,"landmark,lmcut",pareto,True,0.44073915481567383,False,7,11,
zenotravel,task04,"landmark,lmcut",pareto,True,2.4878265857696533,False,31,154,
zenotravel,task05,"landmark,lmcut",pareto,True,0.7803301811218262,False,12,17,
zenotravel,task06,"landmark,lmcut",pareto,True,0.9636142253875732,False,11,12,
zenotravel,task07,"landmark,lmcut",pareto,False,4.837285280227661,False,,,
zenotravel,task08,"landmark,lmcut",pareto,True,3.1088707447052,False,13,16,
zenotravel,task09,"landmark,lmcut",pareto,True,9.19312047958374,False,29,40,
zenotravel,task10,"landmark,lmcut",pareto,True,35.85399341583252,False,52,114,
zenotravel,task11,"landmark,lmcut",pareto,True,12.895530939102173,False,22,39,
zenotravel,task12,"landmark,lmcut",pareto,True,12.200686931610107,False,25,26,
zenotravel,task13,"landmark,lmcut",pareto,True,42.07909679412842,False,48,101,
zenotravel,task14,"landmark,lmcut",pareto,False,300,True,,,
zenotravel,task15,"landmark,lmcut",pareto,False,300,True,,,
zenotravel,task16,"landmark,lmcut",pareto,False,300,True,,,
zenotravel,task17,"landmark,lmcut",pareto,False,300,True,,,
zenotravel,task18,"landmark,lmcut",pareto,False,300,True,,,
zenotravel,task19,"landmark,lmcut",pareto,False,300,True,,,
zenotravel,task20,"landmark,lmcut",pareto,False,300,True,,,
parcprinter,task01,"hff,hadd",pareto,True,0.18656611442565918,False,8,9,
parcprinter,task02,"hff,hadd",pareto,True,0.188140869140625,False,15,16,
parcprinter,task03,"hff,hadd",pareto,True,0.1996450424194336,False,22,23,
parcprinter,task04,"hff,hadd",pareto,True,0.23332715034484863,False,29,30,
parcprinter,task05,"hff,hadd",pareto,True,0.2975749969482422,False,36,37,
parcprinter,task06,"hff,hadd",pareto,True,0.3690614700317383,False,43,44,
parcprinter,task07,"hff,hadd",pareto,True,0.49077558517456055,False,50,51,
parcprinter,task08,"hff,hadd",pareto,True,0.5872161388397217,False,57,58,
parcprinter,task09,"hff,hadd",pareto,True,0.815645694732666,False,64,65,
parcprinter,task10,"hff,hadd",pareto,True,0.9706740379333496,False,71,72,
parcprinter,task11,"hff,hadd",pareto,True,0.19913935661315918,False,9,10,
parcprinter,task12,"hff,hadd",pareto,True,0.20833683013916016,False,17,18,
parcprinter,task13,"hff,hadd",pareto,True,0.25777268409729004,False,25,26,
parcprinter,task14,"hff,hadd",pareto,True,0.3624248504638672,False,33,34,
parcprinter,task15,"hff,hadd",pareto,False,0.57244873046875,False,,,
parcprinter,task16,"hff,hadd",pareto,True,0.9163041114807129,False,49,50,
parcprinter,task17,"hff,hadd",pareto,True,1.2773785591125488,False,57,58,
parcprinter,task18,"hff,hadd",pareto,True,1.6653223037719727,False,65,66,
parcprinter,task19,"hff,hadd",pareto,False,2.8971357345581055,False,,,
parcprinter,task20,"hff,hadd",pareto,True,4.180231809616089,False,89,99,
parcprinter,task21,"hff,hadd",pareto,True,0.18854045867919922,False,8,9,
parcprinter,task22,"hff,hadd",pareto,True,0.19908666610717773,False,15,16,
parcprinter,task23,"hff,hadd",pareto,True,0.23229384422302246,False,22,23,
parcprinter,task24,"hff,hadd",pareto,True,0.3184170722961426,False,29,30,
parcprinter,task25,"hff,hadd",pareto,True,0.49410367012023926,False,40,41,
parcprinter,task26,"hff,hadd",pareto,True,0.6629934310913086,False,43,44,
parcprinter,task27,"hff,hadd",pareto,True,0.9364843368530273,False,50,51,
parcprinter,task28,"hff,hadd",pareto,True,1.651989459991455,False,57,58,
parcprinter,task29,"hff,hadd",pareto,True,2.2684104442596436,False,72,73,
parcprinter,task30,"hff,hadd",pareto,True,3.0361764430999756,False,75,77,
parcprinter,task01,"hmax,lmcut",pareto,True,0.18120622634887695,False,8,9,
parcprinter,task02,"hmax,lmcut",pareto,True,0.2033383846282959,False,15,16,
parcprinter,task03,"hmax,lmcut",pareto,True,0.2538907527923584,False,22,23,
parcprinter,task04,"hmax,lmcut",pareto,True,0.5758006572723389,False,29,30,
parcprinter,task05,"hmax,lmcut",pareto,True,1.1530699729919434,False,36,37,
parcprinter,task06,"hmax,lmcut",pareto,True,1.935333013534546,False,43,44,
parcprinter,task07,"hmax,lmcut",pareto,True,6.2411158084869385,False,53,62,
parcprinter,task08,"hmax,lmcut",pareto,True,12.040046453475952,False,57,59,
parcprinter,task09,"hmax,lmcut",pareto,True,13.757882595062256,False,64,67,
parcprinter,task10,"hmax,lmcut",pareto,True,18.034680366516113,False,71,75,
parcprinter,task11,"hmax,lmcut",pareto,True,0.22861266136169434,False,9,10,
parcprinter,task12,"hmax,lmcut",pareto,True,0.33684277534484863,False,17,18,
parcprinter,task13,"hmax,lmcut",pareto,True,0.869781494140625,False,25,26,
parcprinter,task14,"hmax,lmcut",pareto,True,2.2967474460601807,False,33,35,
parcprinter,task15,"hmax,lmcut",pareto,False,7.1270387172698975,False,,,
parcprinter,task16,"hmax,lmcut",pareto,True,10.749157190322876,False,49,61,
parcprinter,task17,"hmax,lmcut",pareto,True,19.83453059196472,False,57,72,
parcprinter,task18,"hmax,lmcut",pareto,True,35.3516526222229,False,71,88,
parcprinter,task19,"hmax,lmcut",pareto,False,56.18490433692932,False,,,
parcprinter,task20,"hmax,lmcut",pareto,False,81.6215193271637,False,,,
parcprinter,task21,"hmax,lmcut",pareto,True,0.22036504745483398,False,8,9,
parcprinter,task22,"hmax,lmcut",pareto,True,0.2991189956665039,False,15,16,
parcprinter,task23,"hmax,lmcut",pareto,True,0.5004644393920898,False,22,23,
parcprinter,task24,"hmax,lmcut",pareto,True,1.2851810455322266,False,29,30,
parcprinter,task25,"hmax,lmcut",pareto,True,3.286252021789551,False,40,41,
parcprinter,task26,"hmax,lmcut",pareto,True,5.116609573364258,False,43,44,
parcprinter,task27,"hmax,lmcut",pareto,True,10.135507345199585,False,50,51,
parcprinter,task28,"hmax,lmcut",pareto,True,14.16784405708313,False,57,58,
parcprinter,task29,"hmax,lmcut",pareto,True,24.95733904838562,False,72,76,
parcprinter,task30,"hmax,lmcut",pareto,True,37.98261284828186,False,75,76,
parcprinter,task01,"hff,landmark",pareto,True,0.20819568634033203,False,8,9,
parcprinter,task02,"hff,landmark",pareto,True,0.21509552001953125,False,15,16,
parcprinter,task03,"hff,landmark",pareto,True,0.24175453186035156,False,22,23,
parcprinter,task04,"hff,landmark",pareto,True,0.42569994926452637,False,29,30,
parcprinter,task05,"hff,landmark",pareto,True,0.6342318058013916,False,36,37,
parcprinter,task06,"hff,landmark",pareto,True,1.0059645175933838,False,43,44,
parcprinter,task07,"hff,landmark",pareto,True,2.252291202545166,False,50,51,
parcprinter,task08,"hff,landmark",pareto,True,2.753214120864868,False,57,58,
parcprinter,task09,"hff,landmark",pareto,True,3.9510884284973145,False,64,65,
parcprinter,task10,"hff,landmark",pareto,True,5.3254194259643555,False,71,72,
parcprinter,task11,"hff,landmark",pareto,True,0.20659494400024414,False,9,10,
parcprinter,task12,"hff,landmark",pareto,True,0.23610830307006836,False,17,18,
parcprinter,task13,"hff,landmark",pareto,True,0.3289613723754883,False,25,26,
parcprinter,task14,"hff,landmark",pareto,True,0.5600049495697021,False,33,34,
parcprinter,task15,"hff,landmark",pareto,True,1.6302049160003662,False,49,84,
parcprinter,task16,"hff,landmark",pareto,False,2.2149360179901123,False,,,
parcprinter,task17,"hff,landmark",pareto,True,3.8037827014923096,False,57,58,
parcprinter,task18,"hff,landmark",pareto,False,5.105456113815308,False,,,
parcprinter,task19,"hff,landmark",pareto,False,13.247448205947876,False,,,
parcprinter,task20,"hff,landmark",pareto,True,20.2515070438385,False,89,95,
parcprinter,task21,"hff,landmark",pareto,True,0.2139887809753418,False,8,9,
parcprinter,task22,"hff,landmark",pareto,True,0.21770906448364258,False,15,16,
parcprinter,task23,"hff,landmark",pareto,True,0.2651255130767822,False,22,23,
parcprinter,task24,"hff,landmark",pareto,True,0.4223291873931885,False,29,30,
parcprinter,task25,"hff,landmark",pareto,False,0.689565896987915,False,,,
parcprinter,task26,"hff,landmark",pareto,True,1.3257803916931152,False,43,44,
parcprinter,task27,"hff,landmark",pareto,True,2.0044682025909424,False,50,51,
parcprinter,task28,"hff,landmark",pareto,True,3.1863772869110107,False,57,58,
parcprinter,task29,"hff,landmark",pareto,True,5.979281902313232,False,72,86,
parcprinter,task30,"hff,landmark",pareto,False,8.18162989616394,False,,,
parcprinter,task01,"landmark,lmcut",pareto,True,0.2213146686553955,False,8,9,
parcprinter,task02,"landmark,lmcut",pareto,True,0.3639805316925049,False,15,16,
parcprinter,task03,"landmark,lmcut",pareto,True,0.30811309814453125,False,22,23,
parcprinter,task04,"landmark,lmcut",pareto,True,0.8560318946838379,False,29,30,
parcprinter,task05,"landmark,lmcut",pareto,True,1.9054312705993652,False,36,37,
parcprinter,task06,"landmark,lmcut",pareto,True,4.5520570278167725,False,43,44,
parcprinter,task07,"landmark,lmcut",pareto,True,5.8271496295928955,False,50,51,
parcprinter,task08,"landmark,lmcut",pareto,True,10.273597240447998,False,57,60,
parcprinter,task09,"landmark,lmcut",pareto,True,13.951336145401001,False,64,65,
parcprinter,task10,"landmark,lmcut",pareto,True,21.562736988067627,False,71,72,
parcprinter,task11,"landmark,lmcut",pareto,True,0.2288680076599121,False,9,10,
parcprinter,task12,"landmark,lmcut",pareto,True,0.350740909576416,False,17,18,
parcprinter,task13,"landmark,lmcut",pareto,True,0.8032028675079346,False,25,26,
parcprinter,task14,"landmark,lmcut",pareto,True,2.4884467124938965,False,33,36,
parcprinter,task15,"landmark,lmcut",pareto,True,5.584149122238159,False,49,58,
parcprinter,task16,"landmark,lmcut",pareto,True,10.361412763595581,False,49,55,
parcprinter,task17,"landmark,lmcut",pareto,False,19.274309158325195,False,,,
parcprinter,task18,"landmark,lmcut",pareto,False,30.348825693130493,False,,,
parcprinter,task19,"landmark,lmcut",pareto,False,60.18873405456543,False,,,
parcprinter,task20,"landmark,lmcut",pareto,False,92.2504096031189,False,,,
parcprinter,task21,"landmark,lmcut",pareto,True,0.24344611167907715,False,8,9,
parcprinter,task22,"landmark,lmcut",pareto,True,0.35040974617004395,False,15,16,
parcprinter,task23,"landmark,lmcut",pareto,True,0.5346283912658691,False,22,23,
parcprinter,task24,"landmark,lmcut",pareto,True,1.167553424835205,False,29,30,
parcprinter,task25,"landmark,lmcut",pareto,True,2.8442046642303467,False,40,47,
parcprinter,task26,"landmark,lmcut",pareto,True,5.975872993469238,False,43,44,
parcprinter,task27,"landmark,lmcut",pareto,True,9.949403762817383,False,50,51,
parcprinter,task28,"landmark,lmcut",pareto,True,15.31725287437439,False,57,58,
parcprinter,task29,"landmark,lmcut",pareto,True,25.978163957595825,False,72,83,
parcprinter,task30,"landmark,lmcut",pareto,True,45.06796383857727,False,75,81,
sokoban,task01,"hff,hadd",pareto,False,3.1132047176361084,False,,,
sokoban,task02,"hff,hadd",pareto,False,0.7058117389678955,False,,,
sokoban,task03,"hff,hadd",pareto,False,0.4811220169067383,False,,,
sokoban,task04,"hff,hadd",pareto,False,2.9565234184265137,False,,,
sokoban,task05,"hff,hadd",pareto,False,7.714468479156494,False,,,
sokoban,task06,"hff,hadd",pareto,False,0.9542930126190186,False,,,
sokoban,task07,"hff,hadd",pareto,False,26.602545261383057,False,,,
sokoban,task08,"hff,hadd",pareto,False,6.711413145065308,False,,,
sokoban,task09,"hff,hadd",pareto,False,9.160123825073242,False,,,
sokoban,task10,"hff,hadd",pareto,False,13.073836326599121,False,,,
sokoban,task11,"hff,hadd",pareto,False,37.413902759552,False,,,
sokoban,task12,"hff,hadd",pareto,False,10.048493146896362,False,,,
sokoban,task13,"hff,hadd",pareto,False,9.738210678100586,False,,,
sokoban,task14,"hff,hadd",pareto,False,2.8222057819366455,False,,,
sokoban,task15,"hff,hadd",pareto,False,27.478710651397705,False,,,
sokoban,task16,"hff,hadd",pareto,False,24.888350248336792,False,,,
sokoban,task17,"hff,hadd",pareto,False,23.509972095489502,False,,,
sokoban,task18,"hff,hadd",pareto,False,18.53558087348938,False,,,
sokoban,task19,"hff,hadd",pareto,False,6.965921640396118,False,,,
sokoban,task20,"hff,hadd",pareto,False,254.2138307094574,False,,,
sokoban,task21,"hff,hadd",pareto,False,10.546833038330078,False,,,
sokoban,task22,"hff,hadd",pareto,False,14.551884651184082,False,,,
sokoban,task23,"hff,hadd",pareto,False,7.874821186065674,False,,,
sokoban,task24,"hff,hadd",pareto,False,13.34650468826294,False,,,
sokoban,task25,"hff,hadd",pareto,False,8.2146577835083,False,,,
sokoban,task26,"hff,hadd",pareto,False,12.569077491760254,False,,,
sokoban,task27,"hff,hadd",pareto,False,12.269038677215576,False,,,
sokoban,task28,"hff,hadd",pareto,False,37.092939615249634,False,,,
sokoban,task29,"hff,hadd",pareto,False,123.5912561416626,False,,,
sokoban,task30,"hff,hadd",pareto,False,24.55066156387329,False,,,
sokoban,task01,"hmax,lmcut",pareto,False,3.042074203491211,False,,,
sokoban,task02,"hmax,lmcut",pareto,False,0.6494905948638916,False,,,
sokoban,task03,"hmax,lmcut",pareto,False,0.46321535110473633,False,,,
sokoban,task04,"hmax,lmcut",pareto,False,3.589723587036133,False,,,
sokoban,task05,"hmax,lmcut",pareto,False,8.965705633163452,False,,,
sokoban,task06,"hmax,lmcut",pareto,False,1.0511064529418945,False,,,
sokoban,task07,"hmax,lmcut",pareto,False,24.638357162475586,False,,,
sokoban,task08,"hmax,lmcut",pareto,False,7.260075807571411,False,,,
sokoban,task09,"hmax,lmcut",pareto,False,9.69409704208374,False,,,
sokoban,task10,"hmax,lmcut",pareto,False,13.570965766906738,False,,,
sokoban,task11,"hmax,lmcut",pareto,False,31.775490283966064,False,,,
sokoban,task12,"hmax,lmcut",pareto,False,8.148219347000122,False,,,
sokoban,task13,"hmax,lmcut",pareto,False,10.104751586914062,False,,,
sokoban,task14,"hmax,lmcut",pareto,False,3.942992925643921,False,,,
sokoban,task15,"hmax,lmcut",pareto,False,29.442950963974,False,,,
sokoban,task16,"hmax,lmcut",pareto,False,24.360878944396973,False,,,
sokoban,task17,"hmax,lmcut",pareto,False,23.48085594177246,False,,,
sokoban,task18,"hmax,lmcut",pareto,False,15.290978193283081,False,,,
sokoban,task19,"hmax,lmcut",pareto,False,7.5321478843688965,False,,,
sokoban,task20,"hmax,lmcut",pareto,False,246.55545234680176,False,,,
sokoban,task21,"hmax,lmcut",pareto,False,11.400840759277344,False,,,
sokoban,task22,"hmax,lmcut",pareto,False,15.446794509887695,False,,,
sokoban,task23,"hmax,lmcut",pareto,False,7.822218418121338,False,,,
sokoban,task24,"hmax,lmcut",pareto,False,14.217851638793945,False,,,
sokoban,task25,"hmax,lmcut",pareto,False,8.366088628768921,False,,,
sokoban,task26,"hmax,lmcut",pareto,False,14.127005100250244,False,,,
sokoban,task27,"hmax,lmcut",pareto,False,16.551594495773315,False,,,
sokoban,task28,"hmax,lmcut",pareto,False,38.384679555892944,False,,,
sokoban,task29,"hmax,lmcut",pareto,False,132.01001715660095,False,,,
sokoban,task30,"hmax,lmcut",pareto,False,28.376205921173096,False,,,
sokoban,task01,"hff,landmark",pareto,False,3.3501155376434326,False,,,
sokoban,task02,"hff,landmark",pareto,False,0.6812117099761963,False,,,
sokoban,task03,"hff,landmark",pareto,False,0.4661097526550293,False,,,
sokoban,task04,"hff,landmark",pareto,False,3.2860047817230225,False,,,
sokoban,task05,"hff,landmark",pareto,False,25.604944944381714,False,,,
sokoban,task06,"hff,landmark",pareto,False,0.9869704246520996,False,,,
sokoban,task07,"hff,landmark",pareto,False,24.93767523765564,False,,,
sokoban,task08,"hff,landmark",pareto,False,7.483856678009033,False,,,
sokoban,task09,"hff,landmark",pareto,False,9.739228963851929,False,,,
sokoban,task10,"hff,landmark",pareto,False,12.833243608474731,False,,,
sokoban,task11,"hff,landmark",pareto,False,32.442467212677,False,,,
sokoban,task12,"hff,landmark",pareto,False,9.100077629089355,False,,,
sokoban,task13,"hff,landmark",pareto,False,9.79289722442627,False,,,
sokoban,task14,"hff,landmark",pareto,False,2.8996121883392334,False,,,
sokoban,task15,"hff,landmark",pareto,False,32.032445192337036,False,,,
sokoban,task16,"hff,landmark",pareto,False,25.083192586898804,False,,,
sokoban,task17,"hff,landmark",pareto,False,23.712980270385742,False,,,
sokoban,task18,"hff,landmark",pareto,False,18.019402503967285,False,,,
sokoban,task19,"hff,landmark",pareto,False,8.763265371322632,False,,,
sokoban,task20,"hff,landmark",pareto,True,253.31490421295166,False,435,543,
sokoban,task21,"hff,landmark",pareto,False,12.839677810668945,False,,,
sokoban,task22,"hff,landmark",pareto,False,16.059434175491333,False,,,
sokoban,task23,"hff,landmark",pareto,False,8.655354022979736,False,,,
sokoban,task24,"hff,landmark",pareto,False,15.845232725143433,False,,,
sokoban,task25,"hff,landmark",pareto,False,9.157689809799194,False,,,
sokoban,task26,"hff,landmark",pareto,False,13.93002462387085,False,,,
sokoban,task27,"hff,landmark",pareto,False,13.502406120300293,False,,,
sokoban,task28,"hff,landmark",pareto,False,40.07556414604187,False,,,
sokoban,task29,"hff,landmark",pareto,False,129.47557091712952,False,,,
sokoban,task30,"hff,landmark",pareto,False,24.324177742004395,False,,,
sokoban,task01,"landmark,lmcut",pareto,False,3.5443899631500244,False,,,
sokoban,task02,"landmark,lmcut",pareto,False,0.8144230842590332,False,,,
sokoban,task03,"landmark,lmcut",pareto,False,0.49759697914123535,False,,,
sokoban,task04,"landmark,lmcut",pareto,False,3.415454149246216,False,,,
sokoban,task05,"landmark,lmcut",pareto,False,8.167145490646362,False,,,
sokoban,task06,"landmark,lmcut",pareto,False,1.129215955734253,False,,,
sokoban,task07,"landmark,lmcut",pareto,False,26.963700532913208,False,,,
sokoban,task08,"landmark,lmcut",pareto,False,7.910226106643677,False,,,
sokoban,task09,"landmark,lmcut",pareto,False,9.690349102020264,False,,,
sokoban,task10,"landmark,lmcut",pareto,False,12.767691135406494,False,,,
sokoban,task11,"landmark,lmcut",pareto,False,34.64110517501831,False,,,
sokoban,task12,"landmark,lmcut",pareto,False,9.769585847854614,False,,,
sokoban,task13,"landmark,lmcut",pareto,False,10.913034200668335,False,,,
sokoban,task14,"landmark,lmcut",pareto,False,4.286990404129028,False,,,
sokoban,task15,"landmark,lmcut",pareto,False,34.35000944137573,False,,,
sokoban,task16,"landmark,lmcut",pareto,False,25.534973859786987,False,,,
sokoban,task17,"landmark,lmcut",pareto,False,22.96274995803833,False,,,
sokoban,task18,"landmark,lmcut",pareto,False,18.560543298721313,False,,,
sokoban,task19,"landmark,lmcut",pareto,False,10.042142629623413,False,,,
sokoban,task20,"landmark,lmcut",pareto,False,300,True,,,
sokoban,task21,"landmark,lmcut",pareto,False,32.32494854927063,False,,,
sokoban,task22,"landmark,lmcut",pareto,False,16.312872886657715,False,,,
sokoban,task23,"landmark,lmcut",pareto,False,8.983301162719727,False,,,
sokoban,task24,"landmark,lmcut",pareto,False,17.362826347351074,False,,,
sokoban,task25,"landmark,lmcut",pareto,False,9.632519245147705,False,,,
sokoban,task26,"landmark,lmcut",pareto,False,13.457053899765015,False,,,
sokoban,task27,"landmark,lmcut",pareto,False,16.77025008201599,False,,,
sokoban,task28,"landmark,lmcut",pareto,False,43.242719411849976,False,,,
sokoban,task29,"landmark,lmcut",pareto,False,137.81060457229614,False,,,
sokoban,task30,"landmark,lmcut",pareto,False,31.17261815071106,False,,,
